user_id,num_levels_completed,unique_levels_completed,returns,total_time_played,active_time,abtest_value
03AtFCRHWm59ytf8yvX9EDKq1M3jYJqYM1ssDj9A,5,5,0,180,180,2
04qWy5CyfqFSpUwCPL9WmE5vOS62TuAUz1Q76tGm,1,1,0,60,60,2
0dfoQKZWavKtiXd0Tk0RbZepDvbAEmOFz44qP3mZ,6,6,0,120,120,2
0EXZgoyZbvUY9UjahrOqSclEu5Hca9BaOz94YI39,7,7,0,180,180,2
0jmEyLdlpJLM2M7k1rN4gl7r2HKtHpEIJ0mhMADb,6,6,0,300,300,1
0OPJ9P82qdnCaadSYtS6JzcgzwURvmwvbmflbonB,9,9,0,270,270,1
0TJmyk2aYhhW3gH9MwbnzYnxlAQtQrpQl9cTtf4r,7,7,0,180,180,1
0Xi2xWvxyJIVP3Ma0lZgDJZQhGZOs9jt6BvDy1b6,6,6,0,750,540,2
19EVw4B4q9k9GE0L0b2rqi9Js9ITOuEPDjLaomeO,1,1,0,86100,180,1
1gYXWm3PANSI0REHv7aNgj4Tv6gWqWvrdupaRsZr,6,6,0,180,180,1
1HRfeuN1p5QaQckOz5yH3yveokw0LFzNnr3CWQDl,8,8,0,270,270,1
1jtSBnI2OX8PmG37fakd39rFCs2vTnQUHkNiIvlw,12,12,0,810,690,2
1QQE3rRNmM6kTViZJUbixlWzxGhB3J74AYJDqArN,9,9,0,300,300,2
1vUVVH5ORawgd47xZWqlJFqsmWHWdnceS7aOOfCF,1,1,0,30,30,2
1W8a8WO4znlna2HWHFmfd58PhMk62SG3OPdWL21l,0,0,0,30,30,2
1xzbOMF4eh8AUnNyf8QQNIbVp1R1L0ENydYm0Eqe,0,0,0,60,60,1
23IoMnJue8vzUnYwUdTE0KiyVYxUyTsAWbZJyJdM,11,11,1,690,690,1
25Pzv38LHmNSsOGpuSg8FbNfsmeCK9pNefnKjvv0,1,1,0,30,30,1
26O7U4gLkcQfRgfMFAThAXeiY307hv6kBVrwZHhk,6,6,0,90,90,1
2bcL9pPdjnASa36VVmfC4LF1WTRsKPzM1Lyaaoou,6,6,0,210,180,2
2Iwo1yb03N91PNCjb0GjXbQNdqZzVnfX6Mm7kx8n,1,1,0,60,60,2
2l4KnNPLOPG0y6LwUdHcsVFpd4meh4qjqu3OhTz6,0,0,0,90,90,2
2LX5svFBr4EQL9Zfu2rw4jHPcBkst39vO7BhCgT3,7,7,0,240,240,1
2oDPxJm25VQeuHzbvqwh0QG7AXHHZ9B2xfS5Ye83,1,1,0,90,90,1
2pfwVTxoVXi5FklR4lWf5cSAjLQRqvltUBZPuxeq,1,1,1,120,90,2
2PNC6BNjruWbLtM1vZc6ekXrUTIVVypYncAuNnNf,6,6,0,150,150,2
2R2ZznsK4YDF5B4khFbgDzvf9vb4bWVdNXdnlG7p,2,2,0,90,90,1
2vNwRjPAFFOo6USL3s3F1il3Yuw3BunE0bbSv0ta,6,6,0,120,120,1
2w5OdKn8cnt866TkeYxF5nRiNZobCaTEHYtUJR3V,7,7,0,25230,600,2
3B7dafGbqDEZo1bDjXUncnTpCmt19ypd9wqjL7vc,0,0,0,30,30,1
3c7fo9j5sOlTpOb0Rnt2nYDdMnseLX4Pab4zloFO,8,8,0,240,240,1
3CcIsTbSUxHSUsIIgJdD3Eq4dc7Qtvzw7MeAFqsz,4,4,0,210,210,1
3cqpYlCmW7D4CgdJPAFQoKpEJsnFJkKNxbdwxPSt,0,0,0,60,60,2
3gHB4TH3yOfh5Mhsl3xHJFriZFdfA0oEg6fk0Wny,5,5,0,150,150,2
3kwyV16hyc7cVN2Yy7XDXBLhP1bw2uN5OjDKlJ1T,6,6,0,270,270,1
3mpCAXiehdi93jzjxcgZjsvHfEeUEhIHE7kf4Ctm,5,5,0,120,120,1
3NUBuaXMsNzvJ98DxdIc9SjMWYkLDMBGAvi5GgS8,3,3,0,30,30,2
3OwDhf6IgcPZXA36kq62m3WuHZpq0TG4HcHZsNHI,7,7,0,150,150,2
3pnC0EOf7zEEoCNxp8SlZBVfG4uF9USdkfPkUDz1,0,0,0,0,0,2
3qoHzUatSzmXdIdZzh3wLRC996yC2Vt5mRNWMYpF,6,6,0,240,240,1
3uvqMai01LSFzwAbb1nAvfNXua5RhDBl86LUg4Ui,2,2,0,180,180,2
3wOW8HFpGUzWfElTpdnFCcMGQ0cWYDp19dYiVDHB,7,7,0,270,270,2
3x7QI1wtwvY42POZNT0OfZdwGjI5WdN0KURtVnXr,2,2,0,60,60,1
41cPhrqeVxg05zWTWRZIZDvYBZH0M44R5gHmI7AE,4,4,0,90,90,1
46a07SOdxOty51KLcA1A44UAAK7M2oF7uP7CIWPg,2,2,0,90,90,1
477aZ2J49JilyC3jOND9RMy8fapIuIzzQHJPJtUS,7,7,0,300,300,1
49FncG4IGhmm8eQpRhs7TPeCLGQaqoJuypRK5WtM,2,2,0,120,120,2
4cgVKelXsYvnNoctYDVlHFPkH3mTRk4VxlRhzce2,9,9,0,450,450,2
4CrAu4ocOUtKpe1oDXeeqKLUhNxdyyZDaqeFuCRi,6,6,0,240,240,2
4F9gyaxV9o5Y7NzyvFbP5sIVSgQWcLQhq0xZa4Uj,3,3,0,60,60,1
4KMB5sV4yHhipfuR2OmGtcU3DR6KjOZozLZEdVJM,3,3,0,60,60,2
4MzmyqJ8kxDlpYGOiOedEitTL7j2bKufx4B5ukdO,11,11,1,1650,870,1
4POPEDYsqVQoFMFKQImrgf1izSCQaPVeEK3io2LO,1,1,0,90,90,1
4r5358w7CvXNVxx3lhvJUoIrIT0CNF0R76VcfrjR,6,6,0,180,180,1
4rTWUYZWAiFIp2Blt0PWLzCuCG4KRRaWj4Se3SaD,6,6,0,210,210,2
4s0P4GVGpxhX1nmsHxW4t2gnjyrcwHJAaKpfqlVP,6,6,0,210,210,2
4tkuJsqadPiI4rhhF6Iv6LgUVoFpqnTuQeZzHpKV,9,9,0,360,360,2
4v68SsM7Oih93aWKcgsYCwJLt8z0MyER4LZWdL42,5,5,0,90,90,2
5BwfnoSdxK3jTaDnFjfbvsldd5vo5MXbnuqKTiXq,7,7,0,2310,450,1
5FhjEWSm3FCzVH4UMlS7RAt8nOKvk55qKmJojCLm,9,8,2,270,270,1
5hJ42QbExEZ4EBpmfQsCB8PCbSGnlx8qPRvSIGwf,1,1,0,30,30,1
5Te2H9RRt9uEhXWlA84oDPLKHUXOhtMmn0p4ahWE,0,0,0,0,0,2
5vL0NpmjQc4SBymlV4ROfkjU0ln3FTUKoGLc57wV,0,0,0,30,30,1
5ZEupbAkhUwp0ETthLMKaH5QIGMbkGSqGwU6HuqZ,5,5,0,90,90,1
64l1nmYhvBeU2tVSVrO3rDKj8EtAtfWzjhBHDAY9,6,6,0,150,150,2
64tHeI4wTVOON5wr5V6fyk5taELXUtk1yOJMwNiq,7,7,0,270,270,1
66H7veZOef3ObQKOGLj1mS1DpO8x3oEavlh0zgPO,6,6,0,150,150,2
68psLiOxL3hnNFxaZsmSz1Ogn7muGX6M5wfRO3oz,3,3,0,90,90,1
69MPh6nqMsgqXnxo8xF6dLBccVGu3NaaXWZf3mFQ,11,11,0,390,390,1
6dZ4XYE9P3L20yptg8xOd5435iIoSqlZEl3BjIK8,0,0,0,0,0,1
6EDEKSF2JegfTP7DHkT1qCVAoT8j2k49ZIOKAtMj,3,3,0,60,60,1
6iHEoGgpzhkmPKqKb4vgMMVQ46KvypLFIsj79zxJ,1,1,0,60,60,2
6lb3FZQNa8nVEYavcMruPp3zRPUAE4RLq2O52FTd,5,5,0,449910,390,2
6mh1OXHaSyDrA8CbSxyh6ncjT0rEXPF3bX40UMaN,6,6,0,120,120,1
6Q5YoStqZAqdFyFGVysf2AUMQrBaOLvUCBT1tmrs,3,3,0,300,270,1
6QRXEcVTxdOb4WlMZ0YC3H2QWNpmHGAOwrLbEH4c,2,2,0,90,90,2
6YCxrdsFG1icn9mZsKoDEZKQC0O2vxRCvu9WIBCo,13,13,1,570,570,1
72MKcgYCG3wm0ZoK9YoZtsotsOHLtEzAHmkUCjxi,7,7,0,120,120,1
7A0tDPpTEHa6qGtI0HYYkrGbWX0FJcEQMFkpvJj9,7,7,0,210,210,1
7AqWlj9wLb0LYgB3HXaFqYaUD3Yc2bU9Lk66DgDo,7,7,0,210,210,2
7cUK2yxZxiAVBF08vN8zjIyWtXLhrDTzQNkTmRSU,2,2,0,120,120,2
7dFU8AxaYVlQPXY5BMmaCbl6gVbvDjGKwlFFWdPV,15,13,5,1530,1500,2
7hTgRXDdzDAO69E3BeuL955n1MGJHKXO2R5TOI6n,0,0,1,0,0,1
7nHnrbH8lY63eAux1KV0QijCBQ0fIXSQkzdMLUU6,1,1,0,60,60,1
7Th02HDlznAbGLz8hkwXIUl91Q6voJhvCywEg90P,6,6,0,510,510,2
7updCo6zMniBv7uf9M4sBoOoGikxrUAypZM1nTAa,0,0,0,30,30,1
7Z6BQMGYi1p3wi9tfKsAECB2Kn1dTzJ0zQCqCjoV,4,4,0,180,180,1
8GyJiXmo5yMKigyH3rpyYE2FZsWyg0hoGQ7YNumS,11,11,1,600,540,2
8pgUWUhxTUsY0vjJeDKXsFKjmQx4uhUDGaxC5P9Y,0,0,0,510,90,2
8RtKRl8DHadOjIUuJFVOKqHgyQpyOWuWNYGFjPj1,0,0,0,30,30,1
8S3yvtxgJ5MThe8LAx5W8ikqjBESW1E5TIDpcbFV,5,5,0,120,120,2
8taVp4uwPuQ7U9fDqt9iYbC5ENIoX356wf2Wkwt9,0,0,0,30,30,2
8vNPZPA7bXCqxfexyZo6qeXXOFg0z2uIyhxx68Fi,1,1,0,120,90,2
8xzVF0A4yHOVYHNi543skSR5BtiLPUJXriS7jtbS,9,9,0,660,570,1
9BNXw8LzcThY2lMcHkDxC9RpLRWv4ZudAib7rWGD,12,12,0,660,660,2
9hZXj7RzxR1WaD93wSM8AJvxUp0qsjjCBjzUqruY,9,9,0,540,540,2
9Jpvfw5QR2iCGLCTQEQeLfrpbtZcjPEty4YOA3Fr,6,6,0,240,240,1
9ns06l288l2ErYKxkl8iGvh4r86tz8mIwOIDaLLj,12,12,0,840,840,1
9qOirxllpHh1xQKOzlwHlwzj9ZetS9s2zgl0OGme,6,6,0,120,120,2
9Rl3o9g9P8bJfQFd4SjbNk2mBcdxYiz8aUcz4tIT,2,2,0,660,210,2
9VLMHRxmJD0u10yWgjyIYi36OGUSQa806TMNKkat,12,12,0,840,750,2
9WLreu6CsXz2AL8q4ngGXTHom0uFyvKHsw9G1giu,3,3,0,90,90,2
9xixs4Dzlyyz8w1REBk3IkeV7dqZOykY6DwzH983,5,5,0,210,210,2
9xuePIvKFM0J1NdiygSjXkau7CijgZfpxJDms978,2,2,0,60,60,2
A2AqeFLjU6oy5ZblTD36DLsAFXJHlUFVWflbV7uP,0,0,0,0,0,2
a5aUuW6rBnovco31SlybkpDJBwHoW0T6631AZ82B,8,8,0,210,210,2
a7jv94DdPQdCCyaUMYq04EGSKcv8Ssl2AFyJJcXy,9,9,1,1380,1290,2
a9vFiND4LqX5MXiWkqfLQbSn2zKTs7CDh8jzWWEH,7,7,4,450,420,2
AaN9A4OAJxnYf1uM5TVty6Qbqtofydr8oehZj6A3,7,7,0,150,150,1
AemgaE3CU02I0vBMGiLEEAzswS6aaG4KVq0554H0,12,12,0,630,630,2
AEMo8M7nJnEEfO4aME4Gvvx1ahp8uCa4gWtoJALs,0,0,0,60,60,1
ajplePbvsWBtfRQB59idgD4c2BvBEh6PBvaQlmlN,6,6,0,120,120,2
aKktH80O9LD7TCgqbDW6NPLoXqnUo9nyTI1AR2p0,7,7,0,420,420,2
AnaQBEMT73QxjHLCbQSwD1v7usgrh5YSt8I4MvXU,6,6,0,270,270,2
AnbrxqfF9RIAQdwHz5hh0ADJSYMFJwsjTDKq3Z6d,8,8,0,450,450,1
AQqvA4mNdZgJYzaA4Q32UFeJj3DBPfpq5PVFUit8,12,12,0,690,690,1
aTWClZ9yhAeQ6HkHzmYx4TAkRzwGGZkQShtdhCMy,0,0,0,0,0,1
B0tIzJeuHrARdjSA8M4GIMjbNXPXHWfiXI0wsf09,12,12,0,1200,1080,1
B4NC8NYMpm8jPAPWi4RRLyI9rs8WmqyYvlAD9zqz,7,7,0,480,480,1
B52owmfpsM12GxsZJ5Am7vCRQrbtjSjUYljuIyUb,0,0,0,0,0,2
BAcA2PkbJXzHBZWo7fNg8ehgcj00gH4Rigsl6NwQ,7,7,0,270,270,1
BdXVpnjYBwYwuhu4f9VwcfXfPOzRj7GUkEPJ18ID,0,0,0,30,30,1
bECSCL3nmoUU7Gzmj7ToB7aYd7tEIP9TtLM6xPtT,1,1,0,150,150,1
BEZmyVLcLxaFIZq42jULot5oGHlOlXRWBQiaM3mx,12,12,0,810,750,1
BgtWhonaWuwnXuRhSz6bdMTqOrfhkEcWUFTb4hm0,4,4,0,90,90,1
bkBPfQmOtbbJYyJdLu9wnx6BGPNBOORZ9sOojbdN,5,5,0,120,120,2
BKjTkK20gNBsJo3rfwVM21oZB5nE3uEEeYxzIAzZ,9,9,0,540,540,2
blPW65AMnqZ06ubIlx1ySJnsYjtAIxYUTNQZTrMg,6,6,0,180,180,2
BlUIBAgIqrbGiLFTKsZXunBAqqv8cyoOUixvTNdk,6,6,0,240,240,2
bQgr5nK4rG8ubDpKBJV7W5s8slM7aeTl59MawwfY,3,3,0,210,210,1
bRmbxbBQ7IX0OnP2ZaVGa477tRPKiPHtG3Feeh4m,5,5,0,90,90,2
bzCkfeKKsbebmD9ACLUn5YS8bhTf1ppcY2weghZI,9,9,0,420,360,2
bZetc1WVM0TPvqLglUJokuyuInHd7eMje0Nr1JnO,0,0,0,0,0,2
c0k7QqCldyvFv10oG3pjB3c7yq6oC4XO5iWVJygW,1,1,0,60,60,1
c2SJy3pCrhGkGvrIDXwShQl9zJ0rJ5pV7iFGl4iM,1,1,0,30,30,1
C4KZB2R4o1IgzjX1VD8iTfMwkjsmPYDs2nrDqiIP,3,3,0,90,90,2
c61MT6KL9xdC6n73PiamK8P6k4atEsIQzJDtQoeZ,1,1,0,60,60,2
cdfQyHrtPv4QT0DoaDNHY8LqLi4pjqZvDfmcWOFM,5,5,0,960,390,2
ceujSoe3QQAN7Ewh20trUHxGba2cWPG94bsXAH0q,0,0,0,0,0,1
CGg4aJVSm4TmExCIc2kHp3tMSKmEZBbChrGsaCkx,12,12,0,570,510,2
CgKe5T1W0VPdP5ai2kWVMUeiA8Ki8XZKdKZjD1gE,1,1,0,420,180,1
CI3B6ycMSq5gs74XyM3B2VXtt4xudqfP9irfRD2J,7,7,0,240,240,1
Cl1yCON0BNAjvrZCyDCmqKNqj2ZmVbQyxR7aFUbh,4,4,0,150,150,2
cQ7B1ELXbYdcX9czNBFGznkX29FagVvtMD4OiQLt,0,0,0,120,120,1
CqblkhtibYdeegBJedkGe9FM05pmVqSyR3Tckmuv,0,0,0,0,0,1
cR7SAKB7o8ZUb8NzN29UGXivgOIFpZtBQAtrk5yJ,6,6,0,90,90,2
cRWOPvN3EnOQqjPiUPxl6LK5rs9BGMlTDiHtNvxr,3,3,0,90,90,2
CSEuGdq4S6QJ6R8n0tgTJ4Xx2nAT85yLYcfFqGKi,0,0,0,30,30,1
CTJTkrmXeJqohobgXVxszrI2WDn32TmFM6y7xU4M,14,13,2,4470,1590,1
CV6TD5spujN1qs0e9seZhTE0KlmpX9Bz4HtHNW6h,6,6,0,180,180,1
cVcQXom65iYQXVGNXgMjsKu4avhC7wCjsPapdwwj,10,10,1,360,360,2
CvXF2NO3S9iQYXbBcKnzokr1YXUHDxmg2kW58K81,9,9,0,390,390,2
cZF6UsvbDOHHgr3CeG6wf0yrGK6Mi9qv96B3y7fc,2,2,0,330,330,2
d2vy17X9156x5ooQT3dIqH9cXeNkurtIuYgw5eF7,0,0,0,0,0,1
dapl8eMWiWFN6PUqSTMSV4rBVIy3Qod4zDqIScEa,0,0,0,30,30,1
DBmgO4cWCv2Zjs04DTULg92HjPTYpat3LQkAUwwx,7,7,0,150,150,1
DBYg9Pn5Bvzb2iRYZ9r0Nbj1CaJIP3usEtJOi7TU,1,1,0,30,30,1
DcBERLNuMWm4NVFG7F29d28haYVQom42zFGqruVe,0,0,0,60,60,1
dfD5ClA2BSDfZnsbc8udgK0mAzRcajtoy6ubs4d4,7,7,0,480,480,1
DFGW3Lf2xEPnPA8gZnF5sIWeR2LfAjDeZjb24q5C,12,12,0,390,390,2
DgiYYb8LwVmWSndaIrIV3J9K3bf35sFIIXHH9QsG,6,6,0,210,210,1
DGrNuYw4tdZpD7KWACSGPJPHGqZ8eZPSGgFafbeI,1,1,0,60,60,2
DHD8i2iY72qnhVGr5WRRGNiYmGbzmCf0jS8BVrA3,7,7,1,75840,810,2
dIbICP7eyLL5AZkTNcpH3I9KHa8d30NhIY0kO7zn,0,0,0,30,30,1
DjVlsjEdPnDXOUmOCAYx1FOXKKjsab7Ov2aXlObb,4,4,0,90,90,1
DLzLGyD2McuOdL15xbi8QYxsNFMRBGFfrf17OFaA,0,0,0,30,30,1
DrsXMoAAWIwTlCDQSswpJarOXVkwnF106uYTSztP,5,5,0,60,60,1
DsF4nqiBemTEo81bGHh18eHdAc5iHswlVbqjBIUQ,5,5,0,90,90,1
dwDm7it7QwgFy5oUmn61wpOB7twS6m6jTJG12a9T,0,0,0,0,0,2
e2icuUuCoVmLG62ZAH3GwgTfhuHIBbfPey2ItxkR,0,0,0,0,0,1
E6H43VJ0llc9rAWfvH3fV8Q2eU2cgrEVylZBhJCC,7,7,0,270,270,1
E9McYGh8F8oE0rcmR4ITL7LAdFCNqsE5Brhz7zHN,2,2,0,90,90,1
eC7z9SDteUrjJz8M4ePoA6v2NSfIcz0rc70lZDPe,12,12,0,330,330,1
ekOiiGkF16xn9gHxJAiJEwf6LYjhzI0O2P7lvr0x,7,7,0,420,420,1
ElKoh92hYiXKy87k36Futl7uvcoWZaqDvb2Nk44i,0,0,0,30,30,2
EYmxnmJReRO5VjRspcAv9TmZf6f0T6Sy4e5sAPkP,0,0,0,0,0,-1
eZIFVZVUNEcpGBsrtdFsFMZ8z1J2Q5B54jKZjFT6,13,13,1,1050,1020,1
f0mEbgSqiiCsEvvjC5P4ZIaZLOacN8G392HkjALB,12,12,0,690,690,2
F1E4yEkvJet7cYeBmT5tFAzcDQpidzsTA6X9KiEu,3,3,0,120,120,2
f6PuQDkch84cUHpY1zeoBobW39kYxvRNCHiskDEC,8,8,1,780,570,2
fbaVYSO5BJNdlpKIn55nmw5E15Pdq2cGdmBcfqiR,0,0,0,0,0,2
FbEJGnvhQamZX1iUJwUjx0vnTR9vHcPmou64SBlI,0,0,0,0,0,2
FbwZmSKpdPKkRKLe8keBjpgPDNAd5YVLarKxkuWx,1,1,0,120,120,2
fC09K65noLmWFgCFDQ72a3mU7UcqU9H9LHjwNoTc,7,7,0,360,360,2
fcqPb7Wpaik92oAgXXcnegElGPdUFoQVAgKMnHby,12,12,0,1890,870,1
fDPpup17qliMeXiWQxX8N0u6ax3lJz0ZdQpIfqPG,10,10,0,540,510,2
ferWmPK8oWUriSEgLbWOduHlA5bAs9MIneEK4pSt,10,10,0,510,510,2
Fety3x8vqXf84W8dUIf98LJgs6yUeExTS1sVyBrY,9,9,0,450,450,1
fKlpHLwC2zrTu8sWkYGecbY3PZvUJYNZJ9oqVV3X,9,9,0,480,480,2
FlXVHJ3XWBISAPrmPhSXejivSrQxK3YpoWl5Gp3C,0,0,0,0,0,1
FMref8zXboad1W4lkSvBxQhm3n7o2UGIH8XWgwUs,10,10,0,690,690,2
fNzBtwRlvxpXL2mSya7hwevdX21TA47QRHrldjHJ,6,6,0,120,120,1
FO7FxIAvpzvZjfEFNEbcIkN48dI6UDbzrieZ1Pvq,0,0,0,0,0,1
Fok8g2j22p9mAINZT03mveI8OOPE1jiGICPYE81G,12,12,0,720,720,1
fOwIxMR2VEUugZMs5pfxpi8sd4RGD9LSXiBv5ty0,7,7,0,2460,270,2
FPerm2PudPyeEtLQoJiPhIceoBzMcUgSJuk6x9BK,6,6,0,240,240,1
FsLZOxgFoxMydr4Zi8jVRyAuT2cpzzxf2jfQQvwf,3,3,0,60,60,1
FtlsUMd6UqvmMaEC5EVLI6YoD0nhnPe3izvcmIjg,8,8,0,1020,240,1
fVjtK8mWMVy9BrtlvJcjolawVQQCgjCvfWZZ5lVS,5,5,0,120,120,2
gbsKnry0XPLdqJUDc7eAduEh2EO4v19MdBwB35C1,6,6,0,420,420,1
gDIJv4Xow9xy675vNBnUdXqJfSX0KnS10BLvGIUc,6,6,0,90,90,1
GDmpB8IFcwJF3vGESjOKCHzYugCXhYDYB0od86Sk,1,1,0,30,30,1
GoH8fTAh1JsfziXOIZ1vEpYdLbGN5jLLIsUXluen,0,0,0,30,30,1
gP8PjsdXp9QWTICiOrXaIbEO5PxnjwwAmFqF7DDw,12,12,0,870,780,1
GQlgdwmpuQplMPpX8p01Jn2Pd6yS9bbP1x5f3sEy,3,3,0,90,90,1
gQxMQFuwoOfBLNwN7JKnpO9NF7iRGFnWwUImAdTY,5,5,0,120,120,1
gSrhlMow7hR5WARE46cNmXGqZOJtu6jLYK3kxrRF,6,6,0,150,150,1
gt3r6ERpmH0sQHQ7s3UBPK1Nc3i0ni8DLb5RQWhc,9,9,0,240,240,1
gU8u5nK0mHEgbWJV7ooNtU9WS6PGegTvb2ZgpKhM,5,5,0,300,300,1
guchEqxupAyeFHPu0hXv83RjzygiK1D1vQj9hRDH,5,5,0,150,150,1
gYhPb9J1Cjn2qwaSjUpYcW7cZKcfsKDJJUyU3hWG,10,10,0,480,480,1
h5aBECCPoBZYNUXPXRdQm6lCwnplNDL5JVGnyjdX,5,5,0,60,60,2
h7RjGpzwOrQ7G0M2obtN99RUa3gXOrQ6yIqf70MW,7,7,0,210,210,1
h99BULN04MoPL5Z8dv6jxplEFB1bfA3xKd8EYVF3,4,4,0,90,90,2
HbFpPrxe2ZWC9u7rTIgv7W2A2HKWFafnlVMamkpo,9,9,0,210,210,1
HbfZG0Dc3EhG1fISeag5YdQhSUXT5KDNVTNCTqPX,1,1,0,30,30,2
HbkyOXUboaSmYRTK4WOux1W5MxLEC8EkjYS8VNkk,0,0,0,30,30,1
HBNpd5uK7nMYmnBoS5BiGXAr12kGjBA1dnrrtVbA,10,10,1,330,330,1
hCLzHLDEjCZAYxWD2ozqLHmb7yynWjNdVzNDlrhE,12,12,1,6870,780,1
HEgvKygOREhbDFdZvY2aFAheKSSfHQ9pvqUgZb4R,2,1,2,180,90,2
henlGiFPMSNNTqVj9s6QAzo6BSzOmm1EBoZhHF7u,6,6,0,583020,630,2
Hh9uZhyAh7ovz7RZevQJXUD0T9ywNdeuuoZtGx4X,0,0,0,30,30,2
Hi4HaS9Rjq9Xyey3bahoQ7UNSGpV9UqRcvynoHfH,7,7,0,150,150,1
hiYMArCWlU5TMjA4lvQdKR32u3b4RrQ9KOVkgxhC,12,12,0,1380,660,1
HJ4bKIqIcHMxU5hv6E4zXGPpTsKfBrhjalvV3VDf,8,8,0,2280,630,2
hnkaZQY1cmsp2Z3ktt61MUh8pXIVdnovKJFKzDLL,3,3,0,90,90,2
hnnJ9LEaDXqeowHpvKpeUqzLWckupZfGmCqwn4H1,0,0,0,30,30,1
hoej0wQCpVHZcTxBiWZYdrYF3Fzvs4SJs73sDT43,7,7,0,210,210,2
hQ8fz3iYYoPoo6OKCjyumNnSJkxNMaw40FjAICyH,0,0,0,0,0,2
Hqh49SrGx4ByGVsuiz5MQfQ5gLgr47QLy7PI0hpx,7,7,1,480,480,1
HQKVUNKzDVzxc0yEfa8nNYZpn1ImS71zXLvSyfsc,12,12,0,480,480,1
HU6GfBVcFVACkU23qxkTi2170l2zSfxz9DfofbAV,2,2,0,90,90,1
hwNlSMqHOpyP14GkrDuqifnWZRV9EHOWdCi5oINd,6,6,0,240,240,1
hXu4tvf9EEy8A3lop472CoYrUr7gQth8rLcUgs4V,6,6,0,390,360,2
i4scIvPVcwI7GlOCjTvaQHKRjXji0klipOv7jk3w,9,9,0,390,390,2
i8YuGs3slnNqDTtiEicRGHweVHj8sGdLPbfwEjZ0,5,5,0,90,90,1
IbfT25GKE2wA3an4EWOioj7pMwRYA54jgjcjoS33,2,2,0,90,90,2
ICKyWdmMPDI9YCD60UvTBbJgj8gKKi8tUS1Q6oDW,12,12,0,1020,810,2
IEs1QpYOcEMih7cU1rV3kztr07PknNg6sJ7j967l,12,12,0,4980,660,1
igmCpIfOJue7qvHJhozjhXiVf83fDFrWVNzlwO9f,0,0,0,0,0,2
IH3fpvlFwMhDG2JRJ6upDhn5wHoW67YOO14ewpT3,8,8,0,510,450,2
iHisspS9SyE4mo3RB5XvOdN6bOxd4DBnlTQNiIWa,2,2,1,30,30,2
IhLgdVHq9VB8OBTgzGrAZ28icIsotKtc2fsfbaFk,0,0,0,0,0,2
IK9asDGVbcN46ijkSBeVGhzzaJ4GylAg5Jryn8ty,12,12,1,540,510,2
irJAwU01qUSak9zi9nPudr8cT6xmutMNUwoqqorR,7,7,0,3720,1350,2
iRmbq7vaLompIQ7EMnlJw6J5YFLyza6R1s2sAyDl,13,13,1,930,930,2
ISoYwlev3eZdglMfI2WMsgK7BAA7ZScHLAGiWUNZ,10,10,0,510,510,1
ivYKs8yWWf6fpZSoMVEYHy02BXWsupyNUxymF6iC,6,6,0,240,240,1
iYU6Wr5rrRWW8FReuN83e7cNvjOa7wnpvhvrIBSa,0,0,0,0,0,2
Iyx3Kd3KJku3rPFzPvpQmUyccxoxH1dpAKtkXw4G,0,0,0,30,30,1
IZuSHy7DJL6o7bJFUqZa6j9eEI5CfhzXg3QXBXBl,5,5,0,60,60,2
J17qitJMbdqipKJXvVQ2RsNjyfHGTTJCUQ3ckNYv,1,1,0,300,120,2
j31wOWsIaU2OrD8M5QYADI04LJPWJXj30lAOh3ws,1,1,0,30,30,2
j4UqXgTAORNR7kkYiqcHEfwdhXIlfBCyGwYDNReB,0,0,0,0,0,2
j5KhnNai0FYyQZv8hkBfpVrSBjiZ4yZoDJF1xPkx,7,7,1,240,240,1
j7fNCUW2suWA1jOTSZH5oBrFdV4gtcxMkNzXHw09,3,3,0,90,90,2
JAeHP4IMlutS7nomX5VFkgA0k9hgUM4Enilcn4ZI,7,7,0,240,240,2
JCHDYPT6XssJ9KjsVWBSmff6OgmZfxsYa9C8ZweX,7,7,0,540,540,1
Jd17DaVHakdvAwkBRgRLl1oYZ7KdfQTZ4U6H52pf,6,6,0,360,360,1
jDRPFUlG8oNvEmJ98ZjzDV5DGdvccrJw4BmKvIqE,1,1,0,210,210,2
JDypaHWYrS8PtC8UbUkspmnMFJixvLEfpdFzUCym,13,12,2,570,570,2
Jf4q96AOOraMmez6NR4iesSn59PPT0PCgT3p0DeO,2,2,0,210,210,-1
jg6DS13LYmXwitmKTiwBLsB2gCn2XYagfhU8iYTh,0,0,0,30,30,2
JhlIjSs2PQ5XaaWZZ0KIYgGKpl2cpa48rqQKijN8,7,7,0,270,270,1
JLDdpr3MnEBkOwoBRWvRHF7lbdeATWTCIxQ8YUUm,0,0,0,30,30,2
jlx9qkRleV6eCwOynZM6BgrhyaTO24ymp5vPpmbD,2,2,0,90,90,1
JM0Bn7BqtHux8k9mXvW5YSMJ9NRMjHc2tcEQjfhN,0,0,0,0,0,-1
JPgCmCvKsKgZm1wTKH1kLqBsswGiPtDyjTaFwGqY,9,9,0,870,780,2
jtMUGoAHER0D4qS30TVACFxl9xpA6ljpP5kvuUd8,3,3,0,60,60,1
ju6Td2z2eILWnrbUtI9TWqvVXqzp4ogoSmh5pR8D,0,0,0,0,0,1
jUN5yZsV39ClJpvoMbnPs3tv0kN3uLdNF0Td0l93,4,4,0,90,90,1
jwmlpOh9Ga38GPoD1eFH26eaGifJX2zgyWCYKU7r,10,10,0,630,630,1
jz6Af05HGcaM4Dm60DqKYk0UqQ5Dmq2F09gfalXR,7,7,0,120,120,2
K1zPQUsUxdRCak8F0yl704izUYUZhF82GIRwCkra,6,6,0,120,120,2
Kbflq48ClWsL4Yrq75eKvYyhO2XnwUGg5WCw0K8m,6,6,0,90,90,2
KKCRIRz8BevetAcQZPjY14mM53PUp7zaSb2B3BKF,7,7,0,330,330,1
KkNE4EWKRypdhufiLvwfJ0rTJPKg73wSojwsYtdQ,5,5,0,180,180,1
krGxpgwXrhDuZYyEAoiMrnJ9M1Xx5SQpjxWJOtGg,5,5,0,90,90,2
KwEDxDU0nDdnt2boxYgn8OPLND3lvyog52UCGPC4,6,6,0,150,150,2
KwEwYRvEYFWHu6KiUnjW6M1EnIGibrAVYesX6XB4,2,2,0,60,60,1
kxOcrZ1wjwK56Lm6iAS2pGeg8iveQrubZinqioXB,6,6,0,150,150,1
L0DYa46mxPnxk2c4xos887s6tjQ2vPmhP0gZ5mlC,14,12,5,510,510,1
l0GiwbnHjf9CG3WaDOxBj2c1Ubq2Zy5kzLC5WZMg,8,8,0,180,180,2
L0PmMKXueJO7qxlLP3gsxxWiuvgRRszCtpZfaXJo,12,12,0,1020,840,2
l72evLOSgaORUrmORn2SmGBOsvdDr4MMbP0HAOzQ,6,6,1,210,210,2
lDwhoc7MDE1gqlY2IIpmtr5I4fsETHGfkcxJoEv1,6,6,0,600,600,1
le1CrURvzwKbz08X3SdyfLY0u5Z1dnFyBHb3B3za,7,7,0,420,420,2
lguR4TZ7ub5RTfEFmvy8QJGq1TQOVCWgTq7Xk75O,2,2,0,90,90,1
lHJgsXco09sWbAd9OJIBz0i2ZXs8MfX8XGpqEBOE,8,8,0,330,330,1
lkxeptbI3bWZaVYtUxcxsjPT1rr5eTDzdbODEZlH,6,6,0,120,120,1
LlPSntqRqdiMK8XszylrMYFMvfxoDfVoALhXeIPF,0,0,0,0,0,1
lqnW3OEqfDIvU3FWsogjuUCz54FU433qurnxf1Xu,10,7,4,5910,810,1
lukFtRbdZaq1UxttMHeudVcSnp5aPRNal8PP012Z,11,11,0,360,360,1
lWcYdi80FU5pxSGgA6StKRE1mXV78vxurJsE2AFI,0,0,0,0,0,1
lwSA13Bw5SSYD9S0XfiVr8n5XCDwqzRM6Jm7NXDS,0,0,0,30,30,1
lxAkr7DsLNh2QCQwG1DceLbGgguGhGqCe1XG9A8U,7,7,0,240,240,1
LXk583DYFBIJF3dNYOVRW6xcExrwEoSqldvtg9sW,0,0,0,0,0,2
Lyc0k7JRIABCu2CVwSMwrx3XEWSPCotnWFogN88w,6,6,0,420,420,1
m7oByeChEy6HYKJWkbf8i9Mi0kMTPaEbh2MQhp7W,7,7,0,330,330,2
mbJYLNvc5FoJi7EmodTeXit7w3EltxKQJtOuhkGn,0,0,0,0,0,1
mbklRd24cdgYScPOAqFhEVYfahhe750thlP9yReK,6,6,0,210,210,2
McQuMpkUo1Zy5VbsZdbkxrENNGOxi2W5eNA1cUWA,11,10,4,390,390,1
McZWUrXNEqONHNBPhy4MqQeWI9mJnkK9xJ5rb3fP,3,3,0,180,150,2
mFQ0e6cBVfQoEs3TjaA31Z49crrt7FJtkAuyGHaC,0,0,0,0,0,1
mH6U3gtyhQ5kJNJivmGCwGRmanlHdIczqituzW3R,6,6,0,360,360,2
MjMkKQeeWmJAAHKaV18GemUH1RI4OewByjVia9x6,6,6,0,120,120,1
mkJhPOMrz3azBppcBEMjUusIpc9IFU92fTj4H5vh,8,8,1,660,630,1
mLajaZqIVoGDCpxusSsXrQpYtXFThSoEEyXOyoxu,7,7,0,180,180,2
MPGDhaa06B1BP63TXWs35NYW26OnKXnwN3a4ek5l,10,10,0,360,360,1
mpjkRJqeLTbPicbdQGQKgAfKUA6abm8yMsSDbjRX,6,6,0,150,150,1
mpxWJD1k95kBkN51YJPAHIE3v5EVQvGdUeaEScY1,1,1,0,90,90,2
Mr5uPYbryylFZWZwSDYhQiA5k4HNXowJQBeFzp78,1,1,0,60,60,1
MUo2eX8VdcZTE54hCANEdzVXeYIdXulJoJMDGUyU,3,3,0,90,90,2
mvkC0YKYN7A3zy3sJF0umSNr3CXLApkXUFAVDkTq,7,7,0,750,720,2
mvSJIa76cmnV58SCxS7lrHnQk8fkfyGC3ylMJtTW,9,9,0,270,270,1
mXPBK6dAgYLnvLhKelKeoGJM5FXBIvy5snGcuUNL,12,12,0,510,480,1
n0I8DRtBNJ65XzoezWXFiFDi1cupUZKi0sqEjUf7,2,2,0,60,60,1
N2qUApDQzfo8Dvmy0MPQmt3WdL7wzMamPBhq1VhA,2,2,0,90,90,1
nC4CCOtcUTRLHFbCXH10KXlgetliCgcZThCv55IZ,7,7,0,300,300,1
ndcaCMdTbpVLQcktUofino3a6eMGGVI39UeLHrFT,9,9,0,390,390,2
nGR8BRGSPh7wVO1DBIrWqVHCZet0CWH0Cz8eqO7f,11,11,1,540,540,1
NH3bxuPZqvFCJoygxTEhWfXjinwp7tmVbq6IUVIk,5,5,0,90,90,2
NIRJqbmZ2QzvJlkysZRJpJndeyXWyHKmqB6RMsQP,5,5,0,60,60,1
NmoAdWQzdLcdX5ag6m1Y2cTHJUfDU5fIsEiFA9eO,6,6,0,120,120,2
nN0qSeuR4e6E5sAWL25Tz9Lq43sEpuaNhaeaoI1t,0,0,0,0,0,2
NO6asm6GNMA07gOttaMmeoCUSVBnaKZXz681seHg,1,1,0,60,60,1
NPMmvB7GPIUoK3nLje4a20EhQjOpcGi0w5m1GuIw,7,7,0,120,120,1
nQPBomIiwG40PmQI1gy16LCspeRRI2F5SvHhRpzo,0,0,0,30,30,2
nTsb6fQm4GAAwA7gfYhy7qykuPw1p14NUwY0LPnQ,1,1,1,60,60,1
nttFevtEfQvwe7KdJMMnr5sCpnW1xKEUd8AsD46T,5,5,0,120,120,1
O0F4rFoKdouEPuZWaXyHI5T6sejOWM3KMJPepeYC,6,6,0,270,240,1
O3IfeH1vD8BvOBJz152wXNTeM3ntzpYntHDHpFc2,7,7,0,150,150,2
oe3nws9KnEzppvtybRhsiBII0uDjXlxlzAJ62SRq,3,3,0,60,60,1
OEN3g28nFjldKnz5bA91FUFL7GfPJ5zyKnB1pJo5,7,7,0,150,150,1
oGwfB2riw2meEmTtBvH5BTHLUmZ7oLjNrP23Stmo,11,11,1,810,750,1
oi7u14fEKlz8K48zmRIdaB7hfmAp9Oxx7F19JgNt,9,9,0,221670,960,2
oJh26JYRgH5di7xf7hE5qoZ1zF02yKIXt00zKYr1,7,7,0,330,330,1
ojHfVBeBKd2dpXSzRcYjVaeEfdav5L2t4JIZkWB5,3,3,0,270,180,1
osDWAQwyDbQEfpLApc3lJgUWNAJFqzcO2QLCGhbk,5,5,0,120,120,2
otJzrKgEe1oWNRu4k1LImaWvezXdMPobi7LKR2o6,6,6,0,150,150,1
ovTZGvHoHoHH6TklsjmTesoMM7EJuiFSNzSt5zRN,7,7,0,570,570,1
ow2DL7z4vqofP80JnEJSTmpSbrXZ8ZDxvFahNJmj,12,12,0,570,450,2
OwJByxkPW6WNy53ioszMN8oOl8V5jxa73TIBr3qn,6,6,0,120,120,1
oxSVyHxSFNZ94bk3cnvcBq1uCdcZ0GvpdolM5SFK,7,7,0,150,150,2
P52RUZu03LVhm4X2JB98EFFb8CgOaqEZvHRqHmrK,7,7,0,450,390,1
p8xw8jv6IM2FWTXZhymBbofSycrPD1B3a8zjs4qa,6,6,0,150,150,1
p9YPWfa5ZorG8i9ZfZtjuOdEE7u9aArAKpqHFBNE,2,2,0,90,90,2
pa7WrgukSDxVHPaSEF99mEhuNhV9IEr7Oz4fPyAH,6,6,0,210,210,1
Panuxvd5aGcW034QkENZqcL8vnnRLvBBFZ5cujiE,0,0,0,0,0,1
pBE8Tk5ekbSJQ5wGVp2fHFlGQk1q49RuKwDDQIRa,6,6,0,150,150,1
pd1VqGmoKt71GXNO7aKdGRzgd3J4ZpkoDmj42FsN,4,4,0,180,180,2
pexYwrbHxgTkme2pvApa5Gjj48BgSZkieShLjtsR,6,6,0,120,120,1
PGj9waY6buBfoeNU2aODCkx9ichf2tjS9D1GNZNY,15,13,3,2580,810,2
pGtUm6c01k0D1o2diMZcItBmRNheHKQ6rk1NrdOt,4,4,0,90,90,2
ph8vFclEPJpshntnJOVomu40WVeFIqU8I2EoeZ24,3,3,0,90,90,2
phCKpThSDL82Xd1VddcwS5orki9AIk37CGS1z9Tc,1,1,0,636930,90,1
PMnkvry8dbbxdCLQuq1kUajN93UoYqwNdT8IlHQz,0,0,0,30,30,2
PoBN2Ep3hfGNNikgNcdGokvipgp1YF1N3CB6g09x,9,9,0,270,270,2
pSDhELoNxakiQfux7u6AEgtpsuSbADZ0vChaoGXV,0,0,0,0,0,1
pU8XMKaARznoZZHoQJEMDVif5kfNv2eVWmSI72iZ,7,7,0,270,270,2
PWzAAGhWFtmYcxApRooVlt3V7vfVu0yjW8UxPbtu,7,7,0,120,120,2
PZ7yxvgLz6Lm9BRqsZuUuOJ4hZWfjKs8KzHi5X3F,0,0,0,90,90,1
q8yOQM3lQxmqViPddX770a6ySsScy2eYaNN0AQmq,12,12,0,1260,870,1
qbjxd0SWgHRwgpaTLY62Xu0mc23nd9HDl1by14uh,0,0,0,0,0,2
qcSqNQOlGBWrIilD5ao38vVxY0FSF3r5fkw2bkoR,2,2,1,90,90,2
qh6zgnUxnv9vYZWs0mroOgOSXV4SJG5aYcKfAENX,1,1,0,60,60,2
qiwAnBX4HhqNyMWtJorulHeb6jtB2EEtWb3kN1ou,1,1,0,30,30,2
QKejlAJATBt6ojnrqUpDaXwD1v8F5PXVzceVMXwG,0,0,0,30,30,1
qKNbHTHjNkai2lsj62U0HuoTqji0bmRC6FNOyu7l,3,3,1,120,120,2
QocDeN4LHT23H7MWqJ4HJOxsApRvur9lPmZ494PR,9,9,0,300,300,1
QoU9wjZNZThKawsRn5KSVGWEq7gYdWj4kdeRxdFw,7,7,1,1380,1080,2
qPSbFugsk75FjHbuyG77NvtRHP8ULn9cc2nSwElR,12,12,0,450,450,1
qRiJYCbEhqE7A4ruXbW1xlXMVzlW9uPAm8klLw03,9,9,0,480,480,1
qs53FPGxUXrejJWxqx1JITaCRN3jBht2Kz6poMXi,3,3,0,60,60,2
QTMADhk9ZDnfFpP8tFbtFXnbiviJFBpvvb68tqit,0,0,0,0,0,2
qwpImfFBjbU9huzfbPDVPlyOtz5PlLULhkuEzagS,0,0,0,0,0,1
qybI3RxkOvXfWPsXpZ3tzd8Iy5G7nfTON4xRV4cK,7,7,0,450,450,1
R0HXORxa2vRfVKFHNWenaptBP7e0eYP6Yx3NpBXr,14,13,2,1380,1260,1
R0J8kvTKFBlTiFFyVL8I2bIRsxYEQh3HiNQCiJnY,12,12,0,450,450,2
r1BEl4lNOTIsppoBE1HULwrziqjNOq5fsGTNLfBz,10,10,0,630,390,1
r3KdGHrvPgdNyoPWRG3gEb7KyOWDd1gF51TLIkhx,6,6,0,3090,870,1
R4AMMFXBByDCot6Ndl9RuFKJ9476duB4zbQmROXt,7,7,0,150,150,2
R4ppfETvuuCAAq5AtDdAsLXC7bHNGVRxZgWfVQLp,1,1,0,30,30,1
rdaXvIBHWZyMb7JJfpwHsKLynh6DtEGVSRSnzu4w,7,7,0,120,120,1
rDbiaLnZ0gp1GYrFSKuEfPthGaYUwT0XwbfHXCGX,0,0,0,0,0,1
RdM5BtNqE9knpOl0L15rm2XnEVdj3lUVzH0bbNBP,0,0,0,0,0,2
rdRX7BbhbC8x2cUdYCHaXGAGHkZfx72ZkUWsw8KI,7,7,0,240,240,2
RDtaovjLHiT0nMMHcjfU1OrjGvMj1vhT8L3xgnjY,7,7,0,180,180,1
rlr9jqsP5PSjiva1fSkvltUZV5SQ61TymkHFL9vQ,1,1,1,150,150,1
rqQuNGAarHJ5vscuUa98pYaBC68aLWzcnpHa6ilx,0,0,0,0,0,2
rsnrcSLi2Zya735mahA9VRxOcbKKfq8GTv85oUnq,2,2,0,60,60,2
rSUupm88wwiqlf3IJvkEpMILHxrOEEr5wmAVJI4g,9,9,0,390,390,1
RTThaYOenpgjESepNPstT9nTfk1R2FMUzFbKEZZ1,0,0,0,90,90,1
RuxK3NP7EJrDnrs35IZU6IZMEVJD8jIZOfJR2yZH,5,5,0,180,180,1
rzBmQh35DS2GqBn51RfJv1dBwelJsAoU90g0ij6W,9,9,0,360,360,1
rZPBirDtkpfMr8bwiKErKeqJ0M0AW9yn8oZrPCUa,6,6,0,420,390,1
s13U1c3kSvI0y3ZOPTKXURx4dFVdX3kq4nl6zors,5,5,0,60,60,1
s14uXwKDccnZBgC3mVspph854WUEt6GW8Lq5hbIt,2,2,0,60,60,2
s1ljKcWmUMVG7kpwwdtGmZZ3xEw730Zv1lOMxL9s,0,0,0,0,0,2
S3Kv2v0GfLwoUiD5EifWwJQEO2L37iBZlmvoRw47,6,6,0,390,390,1
saeEkTpRstWvHImxhJuicfa2iCgBSxClHR01KpSc,13,13,8,330,330,1
sAiAiJSAtLod8jLKUkJLViNNHFlGTIrmiKWBtPbW,10,10,0,510,510,1
SFzOv4gwxmn5vcUmmNNFGlwJEC1rIuvBa4qG8GdG,6,6,0,120,120,1
SgH3jaUOEA1ALlQIERIhqaLDlXBbtammq4qKfkyT,13,10,1,2490,2220,1
SHHhG1NhIkwdeSm1TDHK7rU1o4TYR0iKH02o1PFJ,11,11,0,570,570,2
sIptDooiRGue3TyhbAlfUymGdQ91W28oLxSoVhHM,1,1,0,90,90,2
Sir65oEDcUXTs5SyoN5edvgb6nHDyQ7r8zxeYbRa,6,6,0,90,90,1
sIVOGS3HWt7DyIOoB189rQeqFw5TG7K8QFWwy0eu,1,1,0,60,60,2
sj1Lys4KaHvnvCYQ836Lsu0ze3WcNPdf9f1IH5sS,0,0,0,0,0,1
sj7s8YvTzD8QbdZJ4v35Z2lTkB3Uo2ZRm6ju5OoF,9,9,0,390,390,2
SjETjSwuKS01fqh3sJECWvlehoRvImnAF2uYU1sE,0,0,0,0,0,1
Sm7mGIlKds9DR4cBJAGfqyxo28VlK56CseZ8WlTa,6,6,0,150,150,1
sMkwOcn8ZUR91FY18O0d1T1YodtxC8X4ViAKuYSt,0,0,0,60,60,1
snabNMLcow6VHFc3w9eLV5tXRa29zvv1SGdFtYSS,1,1,0,90,90,1
snwvupl0bKuZxZ3yGxrrF8feCuanZxRrVoWpNipY,12,12,0,960,840,2
SPDdwsTR2iScG2rbQhARcvMDGwhn3qtWf69Mz3DB,5,5,0,60,60,1
sqYOq87j9SgGOAZCS062zkQdpQlf4SexjdlJms3v,0,0,0,90,90,1
Sr7aNW80ulQ7NsrtHF7bLL3d6se6xWHqoPBbLKcg,7,7,0,150,150,2
sRzsLTWTXQS6yDStsUfduKrLFMIuCZM4RmxCftwc,3,3,0,30,30,1
SSf057LupsuvZuI0gH6XkSYE5ZLwl5edXte3BZx1,6,6,0,180,180,1
SSyPMHLOka76lguJzBExf2mAfkEykIEdBc2nUNbf,6,6,0,210,210,1
Svw0K0D6l0nrDLuw2wbIbawtulbwVgPOLmPwmsDI,7,7,0,510,510,2
sw7xE2NlE338oZkmA820gsA2a6DIdkfGQmevp1Q3,5,5,0,90,90,1
SWUD47FLSDC2oXIs7B5Bh8ATfYUQcos4kmHpunbn,0,0,0,570,60,2
SxlnG0UEZcEhYluRf07jurn832aBVDhNaDbRD5vC,0,0,0,120,120,2
SxUQUbC0mtYsLnSWaSfj0GKxgd7z8sv1ZpSUAvUW,0,0,0,0,0,1
SZvARp0IPcqAWCfqoyetQpNlbiek1ABUA7vswvam,9,9,0,360,330,1
T1Mu1Rr4mzpWu6mve1OEsj77bJwRFUXyVK3XCv2Y,0,0,0,30,30,1
t7eLOXAzjmIE4SNe8pSXQrD8g8WuntqRAFDpCdZV,0,0,0,30,30,2
t825VjgRSs1ZKDsgqSLGGKr2cBZNe9JHhMNd634Y,2,2,0,120,120,1
TA7SV6SuPTXsZEIGYPo9bGvyv69hVLXPl5HhbzL1,6,6,0,690,660,2
TaZt3MmOpLS2BXrSnTlGunJAOvaIoC2iM2LQO7Ee,4,4,0,180,180,1
tgKSg9I2kIsbx55u48cMCl2w3op6XhdqyYjP71Rr,12,12,0,420,420,2
tJOI0i46tBb0AUAgdKS6qdKE8JEXkAIOkxxlPBrj,2,2,0,30,30,2
TlrdSJdPukSwT8YShBRsgkr2F4aSj6wdsYqkHEab,0,0,0,0,0,1
TlugNOf45GFOoEQCIauXzkUpYTgejBycX3tKSJPX,9,9,0,450,450,2
Tow4hsxG8OSKeyBIaY3xM1uwOQ8qwC7p0Dui51Ze,7,7,0,270,270,2
TPefzepSitEZ4ftAtjKeEurLCVf7Gp5AfjPPyfHQ,2,2,0,90,90,2
TrbkkfHJWYPAKD1Y0UYquoBJLqsO9jx3KIn4Y4OU,0,0,0,60,60,1
trWuIA1DRZkJpOZxiKmTvApEMdTsRZwlqtP94QMV,11,10,3,840,750,2
Tw8IWEjTsf9oahYAGO1x4M2LgH0Qva1oG97COrwg,0,0,0,0,0,1
twZJzYrJ6WLEZc9okVK9fMdxlrNQh9xLGwvfuWZB,7,7,0,330,330,2
TxWx0c9ZEtZKl0KkOlhndF3EesSkd8K6FGEGTOGy,6,6,0,270,270,2
u1Hagwhg6QafU9VDRc165v7Mv016PO5kPNv6jMmq,14,12,5,2190,1200,1
U39xybfu3BVmGKdomcFnG10HRfYNLvqGzzd8LtCO,9,9,0,570,570,1
uB3ErJo6pj4GxPldTOPn3OgCF3CviJPNlTsMCQT2,3,3,0,60,60,2
uDNEOgbKLYFzTUrVl4dX6MrqsZsE2UDxxrbmHn6s,8,8,0,300,300,2
UeIMsIUce0M3gKH1jOO86fd2XMXicrH7FqT88Nkm,4,4,0,90,90,2
uFWHszQgFjD5AyaDzokqUX5Hh4fhhLDLrztU8jaO,6,6,0,150,150,2
uhdwjs407XsiY6oMlyYO9hyS8GSMcRUH98dsAitH,1,1,0,90,90,2
uHtxpEsmgie1x3dN08ftkEkKwET2MVWhDpO24hok,7,7,0,150,150,1
uI4t8dY0FbjusHbYwYZRSZFxQDHZVmkq5oUeCSfh,7,7,0,120,120,2
uisE8PJollk0cu5RPpw0tpuGmW5e4HUzZmd8cXwy,6,6,0,150,150,2
UJRxEhHqnOxzJtaQbBzx5fyM1TPy1StVBktgCaH0,6,6,0,150,150,1
uNEloRp9YeX3A5Q7lGgz376nnFaxta9XXOimGIwE,11,11,0,300,300,1
UOblpjC50N5HkpEWXbr1lAs8BjFxnOUhC6D2pg7q,7,7,0,180,180,1
UOsMkbJvVKRO9FANOO7wxsT4ydCaxApspSeJ3YfY,8,8,0,240,240,2
uqx4mO7MYyqACGavSDmRn5sDSbsz3Idx8LBuzIhx,6,6,0,210,210,1
uSgkLDIawJE2HE4eTgN9xLCwhTESopuShLc3oVdV,6,6,0,120,120,1
UxbDWW0r34DlpJR7BilMDigBhAD1BgcvOo9Kl9bo,1,1,0,60,60,2
v0uFFnvFL0lx1ZwRKymw4ivUSlHt8x3ExxkdVQSH,6,6,0,420,420,1
v5HHr5pCI65jujgW9GuHuNreVaS5C938fLQHQgky,12,12,0,570,570,2
V8h8eeSBbMd1PTHu7tyfRD5QTF6inQaiYsrcHjOS,6,6,0,150,150,2
VAvf6KPhc8w7ZgTTQQF9DVzv5rvX3tzZ34eaP3r1,5,5,0,240,240,2
vcup8OrAGsACDOx7OfEbspcrcw5IZLbuYFU7ulIa,2,2,0,90,90,2
vdboNLK8VmpSgItQklsV2VY9m5XAgQXL49aRUU0Q,5,5,0,150,150,1
VdTD5mpHVaVF60XBQIK5Zx4VmDytZ6aUj3ypqX7m,10,10,0,600,600,1
VFJ9Yc7XSCskkMMOA6GOSrgCaIOtlXKgCtpBFxyy,10,10,0,330,330,2
vhaZuhFDhshaY5toyrYnIvOnDZqCzws4ND4iVJVc,3,3,0,90,90,2
VkdyO4W2cG0c3mg0Ax1idXN0hzECfcbbwpJkuFnH,7,7,0,330,330,1
vmUT01XL9iKp5JTaJXoUh3hqvvlp782DuXxvYuh7,6,6,0,150,150,1
VpchGRDdIkVJ1uqJ74ZE3aL7jEzy49d0zphfgVtZ,7,7,0,330,330,2
VQ2mjpQdGYF5jel7vcZgCUohmd8HISzEJB031QhH,5,5,0,90,90,2
Vwyf2vCcsbMD4dN5UZYr5ZKHbujtGWjBtSRwntIQ,5,5,0,90,90,1
vX9bskFqu94vrNfveQRBmHRHzlQ8MUuhRDtjY8Kt,6,6,0,2156820,810,1
W3PyBkWhtPA7eaxaW3tEspC4KXQWzGWwJM4k70CA,7,7,0,150,150,1
w6TfBEvT9hQ6rHpJUCdtt0Rf0AWqCDv8Jpol4Ued,1,1,0,90,90,1
w8EdjWr7r02GP5vysJbAeUCR22Xw0acwiQKCNbKe,5,5,0,210,210,1
W8zvhREwFjqLd0Na262mPS5VT0KDtYxp66UoYzUD,1,1,0,90,90,1
wbO5nJo8HlhBaIT8soH3IcyzHAgYRlcnw1tULR2t,7,7,0,1170,600,2
wBq0DvI19bR9YnFAbXl4HUC069wie7XKJnLmTuo2,7,7,0,150,150,1
wcH2hvDaXYUNYY3xdCH7d8nWN8VAbIzIVgLcLpnJ,0,0,0,0,0,2
wczJITI47y5OaaA6m1xiOJCxGtjQiVyO77xP1gU8,8,8,0,330,330,2
wFjEDjbA4NFPmMuwxB5npPksgIWil4uRKNvn7GYb,0,0,0,0,0,2
WhvSglnEo7sX2cc203PWvwWnmaHrV1ZSjvKAQ7ef,9,9,0,480,480,2
wQfh2wGTruTvScD1TeS7aWCkEyRgYy4vokMrQtli,2,2,0,150,150,1
wQz2uHdyOo9KkCuzDpFHTu5mtTtJ0lOxcozG5MfU,7,7,0,450,390,1
WSno15Up7SQIq4EV8vbQhpvCb4nv5Rj2KHqMMkbU,1,1,0,60,60,2
wSvzW5h5wLVt5QFP14RwqK4NzNLVAn27gxHcCZi8,10,10,0,690,690,2
wsWcqMXKQNCkrNpbe7AUx3SO49VqDeU9HRm8EjTu,5,5,0,120,120,2
wV6yGNmvoVgGdL2cQRBWLNafadyttcXZ74xORTjf,10,10,0,720,720,2
wVIY01XO7NyhoPB6z15swbHQkquAZnvwieuifr7n,6,6,0,1470,570,1
wVRboE2drVw5JL92gqSv43aylx9j5K5CGWN5BQj2,0,0,0,0,0,2
wvzcmPt5G7Rcgz9uOE1L6kcKl9Hn3wrA21MpRgvy,5,4,0,180,180,1
wwE1px5cutiZxR5XPPVOrRKuHoer7mmES0GhxLt1,8,8,0,1530,750,2
WxpevT6Vr228Dw8PMq9kEMRneTBgv8QrGgFbaM6B,0,0,0,60,60,1
WyKvR5lBl4GGEcAOhRvryHsQursdKwUH4FdVKyx5,7,7,0,360,330,2
x0nFFMKy9qD0rXk3M8nH8YjKKadrToDqo064NQCW,2,2,0,90,90,1
x3duEKm7nvqLM4cU8luEZM1S1kj8jDlQHzlljHsH,7,7,0,210,210,1
X3T2pk8zinNSumuILsmZklSEVRmgCjYznRBNbJmu,6,6,0,150,150,2
XaD7HRoxUlM7j44SK2GjOdjp0DBZTqGRAjYibnQ5,1,1,0,60,60,2
Xb3MXN4a6jL6HNs0Y25lmjEoX8H58zY6K2SIQXSW,6,6,0,270,270,1
XcE29Vxj3frSwxqyV1tsDhx42Dm9WkrUx6XG1uZ5,6,6,0,180,180,2
xhgnGXGTsQIePupKotP9GyqZHvF9b78Ioo55mMYO,3,3,0,60,60,2
xIS3gAl33fwgxTkRcVYUCZpZlvDM4rjCabFrL0uP,0,0,0,30,30,1
xIXNhN46UQ1r60inJEhQJ76CdrOJuFK2nIPFwUMq,1,1,0,30,30,1
xlLtroDUjG2MUWzqu8MqubyFZq6xKq8hMTLdho8A,12,12,0,3690,1440,1
xnmSB5gnviJTqzOWl4RGqP9nJO0F83SGqfy2lOpR,0,0,0,90,90,1
XNUkMWZTHcfyGeQCE00UJWwQDOImxHEuvyPhvObd,9,9,0,1140,1140,2
XPLz70DDUZ8lRkWd2YGd9gQjWrqJSsyQhkqpk32f,6,6,0,150,150,1
XqHrKfb8SgGahb8JAJ5F60ArFvCGqPanfRO0608Y,5,5,0,120,120,2
xrvWIZPYdXSHxNZVHaPXEOno4UepHQjehPa0O0Y1,7,7,0,150,150,2
XTHF6Q8lUwvWAC1ZntHVMg07UtXVEJ4BCMgJDp5x,1,1,0,90,90,1
XuN43EYYKc1C2ErpLSmPmFJp49DBIM6GgTLkyJii,0,0,0,0,0,1
xvsi4lS9bysSr0ogtJV2CPb6uNadGi7dOAwSWo17,11,11,0,630,630,1
XZ6ZpjILwm37V9EpIEkZBrw7zyS51e2Yd9YDsGpZ,0,0,0,90,90,2
xzWCNVXpVQrc5X9xWv7ny19rYjpDQI6ni306YXvU,12,12,0,570,570,2
Y0h6x2OGR60rpMQI8onDBs7zMGlvYpXWpf3WiSD9,0,0,0,30,30,1
Y3qWWiW1SRpo6aykz087ddOiwJOSjwyizYewhbx9,12,12,0,540,510,1
y7pwyBZ78viKzzD2V1kOl1EUOfBcq8hYfGvOiuVq,0,0,0,0,0,2
yg0FToFduu9clbWitPBLFldfTVzj2CnATogNMV0g,12,12,0,690,660,2
yGHCNwOmnCWYJyjJt11AXh585oEcrYl0F3CtzrPW,9,9,0,4170,1350,2
yGmm5XcSdi9O0vXwZSK1S1Bvf8v2TKRrreOwb1pp,1,1,0,60,60,1
Ygq02meTdN5FEM7V7aCsxR2IJYJqiVvhcWheiw8w,0,0,0,0,0,2
YKhvuUtC1tsb95mH9E781KJ3KfCU2MN0x4w1ZZD0,5,5,0,420,390,2
yLEMJsbjju7w2PrMK283dv6Cl89BVvKuhph1Sslb,6,6,0,210,210,2
ypLjzaSl9C6ovUaGg4Zbd54uwF991A5A0RTA1MWb,0,0,0,0,0,2
yrmMX4YWfi6uIzKag0GhhT8Wdh74JwtiXQ5VV3Sa,1,1,0,30,30,1
yRrnW8ohFCaCaqBEgPiJEPBaYNmA2ZAAR2YNan4Q,1,1,0,60,60,2
YSOazb2wnmraErZJNpf2A7dKuTW3pB9nuYy39Bzw,4,4,1,390,390,2
yT2geqyxAc1a4m2UL5ktHJxndLNBUqSsjUJxli4W,4,4,0,90,90,1
YUa2ZxP3GlvgsRwkJc3oilYRCTG7FjcEdnGdVwgC,4,4,0,90,90,2
Z3k69wvJJolho98tXlUTlTrZXDTFRhGQl0Xvwseg,0,0,0,0,0,2
Z6q9euZU4ST4tZvK27vxQiZ2DWsKKvzKC0TRuTLz,7,6,0,330,330,1
Z7CMs3MT0jIW69dZryJfvYFpSKO0BhSAoumRy9Ky,8,8,0,270,270,2
z8eZB6t3yEumlVtQ0tvoK1GRpmGGXd9xlnxWu003,9,9,0,720,600,1
zBToQb5xAyJtwmDsH0zajA9z9y09FlpeWiDNtIl4,8,8,1,480,180,1
Zh9byO5Oe03PlMTz4P2eJHHoF5ibcx4bPemn2sbg,7,7,0,1770,720,2
ZJOi3j4iyXWuXi46LC33jVWsGbQ86Vz5EonIHs0f,3,3,0,90,90,1
ZMhLO4YDBiJETRaZxqPvpFBCFTRngBwgnO2bT1Pv,8,8,0,270,270,1
ZnMlIIPxk6MbeCfLJ5Qhv0IdJu247Bg7Z3sILhf6,1,1,0,60,60,2
znRaOx6lFt2KhGAhvxQVef6iyfVd85yHtqRhXXDC,7,7,0,120,120,1
zOOJLdVx8r1T8xrhNMk7iyLxOy4FrjY07MKS0Fp8,1,1,0,180,180,1
ZpjN4VGH6AYc9PCwwt6XgdrhfVC6I1pIrIwwEddL,11,11,0,870,840,2
zqysBFBbAxxTivehg6VoCx8ZqObphe1QEzjfeUrO,7,7,0,120,120,1
ZV54G2tNWSKIjXJtghpRztOYoZCgHV8HRdLyffmc,6,6,0,300,300,2
zVbUHKIyamAu0mIYK0NXqb6rstUjvXj4SuZzfH8q,5,5,0,150,150,2
ZXq8lC8Im4I1DKnuL8PbHjC3KP0XPGVOEmX0Y5Ik,7,7,0,180,180,2
zyQGQjHIXnjfVK39lBD3VR5b0D5aT7QtFHaw0ReY,0,0,0,30,30,2